관리번호,분류,데이터명,원본,발췌,단순집계,응용집계,시각화,기간,컬럼수,주요컬럼
TRN001,교통,교통카드 사용이력교통카드 사용 이력 데이터,O,O,O,O,O,202201~202607,18,행 데이터 기준일자 / 교통카드 종류 / 카드식별 번호 / 교통카드 접촉 순서 / 승하차 상태 / EB 노선번호 / 노선번호 / 정류장 코드 / 정류장 명칭 / 운수업체 코드 / 차량 번호 / 운수업체 명칭 / 카드 사용 시간 / 카드 소유주 유형 / 탑승자 명세 / 탑승인원 / 정류장순번 / 적재일자
TRN002,교통,대중교통 운임정보 코드대중교통 운임 정보(수단·구간·등급 포함),O,O,O,O,O,202209~202209,12,이력 데이터 유일 번호 / 데이터 유효 시작 일자(UNIXTIME) / 데이터 유효 종료 일자(UNIXTIME) / 교통수단 유형 / 구간 명칭 / 출발지 / 도착지 / 좌석등급 / 출발시간 / 요금(원) / 데이터 업데이트 시간(UNIXTIME) / 적재일자
TRN003,교통,부산 버스정류장 기본정보 코드부산 버스정류장 기본정보,O,O,O,O,O,202301~202606,5,정류장코드 / 경도 / 위도 / 정류장명 / 적재일자
TRN004,교통,버스정류장·집계구 코드 매핑버스정류장과 집계구 매핑 정보,O,O,O,O,O,202207~202207,6,버스정류장 코드 / 집계구 코드 / 집계구 중심 경도 / 집계구 중심 위도 / DB 업데이트 일자 / 적재일자
TRN005,교통,부산 지하철역 기본정보 코드부산 지하철역 기본정보(노선/환승/좌표),O,O,O,O,O,202109~202109,17,행 데이터 기준 YYYYMMDD 일자 / 정류장 코드 / 정류장 명칭 / 지하철 노선 코드 / 지하철 노선 명칭 / 영문역사명 / 한자역사명 / 환승역구분 / 환승노선코드 / 환승노선명칭 / 위도 / 경도 / 운영기관명 / 역사도로주소 / 역사전화번호 / 행 데이터 변경 YYYYMMDD 일자 / 적재일자
TRN006,교통,지하철역·집계구 코드 매핑지하철역과 집계구 매핑 정보,O,O,O,O,O,202207~202207,6,지하철역 코드 / 집계구 코드 / 집계구 중심 경도 / 집계구 중심 위도 / DB 업데이트 일자 / 적재일자
TRN007,교통,행정동단위 차량등록 통계행정동 단위 차량등록 통계 데이터,O,O,O,O,O,202208~202309,16,기준일자 / 시도명 / 시군구명 / 행정동명 / 행정구역 코드 / 차종 / 세대주 성별 / 세대주 연령대 / 세대원수 / 연료 / 배기량 / 차량용도 / 차량등록 년도 / 차량대수 / 적재일시 / 센터코드
TRN008,교통,집계구단위 차량등록 통계집계구 단위 차량등록 통계 데이터,O,O,O,O,O,202208~202309,18,기준일자 / 시도명 / 시군구명 / 행정동명 / 집계구코드 / 집계구 x좌표 / 집계구 y좌표 / 차종 / 세대주 성별 / 세대주 연령 / 세대원수 / 연료 / 배기량 / 차량용도 / 차량등록 년도 / 차량대수 / 적재일시 / 센터코드
TRN009,교통,"버스정류장 탑승객 합계버스 정류장, 일 단위, 시간대 별 탑승객 합계",O,O,O,O,O,202201~202607,10,데이터 생성 년월 / 데이터 생성 일자 / 데이터 생성 시간대 / 버스 정류장 ID / 버스 정류장 명칭 / 버스 정류장 위치(경도) / 버스 정류장 위치(위도) / 탑승객 합계 / 데이터 적재 일자 / 데이터 생성 센터 코드
TRN010,교통,"지하철역 탑승객 합계지하철 역, 일 단위, 시간대 별 탑승객 합계",O,O,O,O,O,202201~202607,10,데이터 생성 년월 / 데이터 생성 일자 / 데이터 생성 시간대 / 지하철 역 ID / 지하철 역 명칭 / 지하철 역 위치(경도) / 지하철 역 위치(위도) / 탑승객 합계 / 데이터 적재 일자 / 데이터 생성 센터 코드
TRN011,교통,"집계구별 버스 탑승객 합계동일 집계구 소재 버스 정류장, 일 단위, 시간대 별 탑승객 합계",O,O,O,O,O,202201~202607,9,데이터 생성 년월 / 데이터 생성 일자 / 데이터 생성 시간대 / 집계구 코드 / 집계구 중심 위치(경도) / 집계구 중심 위치(위도) / 집계구 소재 버스 정류장 탑승객 합계 / 데이터 적재 일자 / 데이터 생성 센터 코드
TRN012,교통,"집계구별 지하철 탑승객 합계동일 집계구 소재 지하철 역, 일 단위, 시간대 별 탑승객 합계",O,O,O,O,O,202201~202607,9,데이터 생성 년월 / 데이터 생성 일자 / 데이터 생성 시간대 / 집계구 코드 / 집계구 중심 위치(경도) / 집계구 중심 위치(위도) / 집계구 소재 지하철 역 탑승객 합계 / 데이터 적재 일자 / 데이터 생성 센터 코드
TRN013,교통,BRT 버스정류장 탑승객 합계BRT 버스 정류소별 시간별 이용객 분류 단위 통계 데이터,X,X,O,O,O,202201~202511,12,기준일자 / BRT노선 / 기준시간(HH) / 정류장별 부여된 고유 ID / 정류장 명칭 / 정류장 위치(경도) / 정류장 위치(위도) / 이용자수(어른) / 이용자수(청소년) / 이용자수(어린이) / 적재일시 / 센터코드
TRN014,교통,톨게이트단위 통행차량 통계톨게이트 단위 통행 차량 통계 데이터,O,O,O,O,O,202101~202309,13,기준일자 / 기준시간 / 유료도로 명칭 / 차량용도 / 차량크기 / 지역구분 / 지불방식 / 할인여부 / 지역(구) / 차량대수 / 통과횟수 / 적재일시 / 센터코드
TRN015,교통,진출입 톨게이트단위 통행차량 통계진입·진출 톨게이트 단위 통행 차량 통계 데이터,O,O,O,O,O,202101~202309,15,기준일자 / 기준시간 / 지역구분 / 유료도로 경로 명칭 / 지불방식 / 할인여부 / 차량크기 / 차량용도 / 지역(구) / 차량대수 / 통과횟수 / 부가요금 / 징수요금 / 적재일시 / 센터코드
TRN018,교통,차량 네트워크 데이터(링크)TMAP 차량 네트워크 데이터(링크),X,X,X,O,O,202507~202507,36,공간인덱스명 / 링크ID / 정방향 TSD ID / 역방향 TSD ID / 시작노드 ID / 종료노드 ID / 도로길이 / 시작각도 / 종료각도 / 도로등급 / 안내용 도로등급 / 포장상태 / 링크종별 / 시설물 코드 / 도로번호 / 일방통행 / 차로수 / 레벨코드 / 중앙분리대 / 버스차로
TRN019,교통,차량 네트워크 데이터(노드)TMAP 차량 네트워크 데이터(노드),X,X,X,O,O,202507~202507,33,데이터버전 / 공간인덱스명 / 노드ID / TSD 노드ID / 노드속성 / 톨게이트ID / 톨속성 / 노드반경 / 교차로명 / 연결링크수 / 1번째 연결링크 / 2번째 연결링크 / 3번째 연결링크 / 4번째 연결링크 / 5번째 연결링크 / 6번째 연결링크 / 7번째 연결링크 / 8번째 연결링크 / 1번째 규제값 / 2번째 규제값
TRN020,교통,보행자 네트워크 데이터(링크)TMAP 보행자 네트워크 데이터(링크),X,X,X,O,O,202507~202507,30,데이터버전 / 공간인덱스명 / 링크ID / 시작노드 ID / 종료노드 ID / 도로길이 / 시작각도 / 종료각도 / 도로등급 / 포장상태 / 링크종별 / 시설물 코드 / 시설명 / 도로번호 / 일방통행 / 도로명 / 레벨코드 / 평일 버스시간 / 토요일 버스시간 / 휴일 버스시간
TRN021,교통,보행자 네트워크 데이터(노드)TMAP 보행자 네트워크 데이터(노드),X,X,X,O,O,202507~202507,28,데이터버전 / 공간인덱스명 / 노드ID / 노드속성 / 교차로명 / 연결링크수 / 1번째 연결링크 / 2번째 연결링크 / 3번째 연결링크 / 4번째 연결링크 / 5번째 연결링크 / 6번째 연결링크 / 7번째 연결링크 / 8번째 연결링크 / 1번째 규제값 / 2번째 규제값 / 3번째 규제값 / 4번째 규제값 / 5번째 규제값 / 6번째 규제값
TRN022,교통,도로 명칭 및 방면 명칭 테이블 TMAP 도로 명칭 및 방면 명칭 테이블,X,X,X,O,O,202507~202507,10,공간인덱스명 / 링크ID / 시설명 / 도로명 / 정방향 근거리 / 정방향 중거리 / 정방향 원거리 / 역방향 근거리 / 역방향 중거리 / 역방향 원거리
TRN023,교통,국가표준 네트워크 기준 교통량 데이터TMAP 국가표준 네트워크 기준 교통량 데이터,X,X,X,O,O,202507~202507,9,국가표준링크 ID / 도로명 / 시작노드 ID / 종료노드 ID / 시작노드명 / 종료노드명 / 측정일시 / 평균 차량수 / 차량총합
TRN024,교통,Tmap 네트워크 기준 교통량 데이터Tmap 네트워크 기준 교통량 데이터,X,X,X,O,O,202507~202507,4,TSD 링크 ID / 측정일시 / 평균 차량수 / 차량총합
POP001,인구,집계구 코드 기본정보집계구 코드 및 기본정보,O,O,O,O,O,202101~202312,7,집계구코드 / 도로명주소 / 지번주소 / 집계구 중심 경도 / 집계구 중심 위도 / 기준년도 / 적재일자
POP008,인구,SKT 생활인구(행정동·유입지·성별·연령·일별) SKT 생활인구(행정동·유입지·성별·연령·일별 집계),X,X,X,O,O,201901~202502,5,기준일자 / 행정동코드 / 성연령 / 유입지코드 / 적재일자
POP009,인구,"SKT 생활인구(행정동·유입지·시간대·일별) SKT 생활인구(행정동·유입지역 단위, 일별·시간대별 집계)",X,X,X,O,O,201901~202502,5,기준일자 / 행정동코드 / 유입지코드 / 시간대 / 적재일자
POP010,인구,SKT 생활인구(50m격자·성별·연령·일별)SKT 생활인구(50m격자 단위 성별·연령·일별 집계),X,X,X,O,O,201901~202502,4,기준일자 / 행정기관 코드 / 격자id / 적재일자
POP011,인구,"SKT 생활인구(50m격자·시간대·일별)SKT 생활인구(50m 격자 단위, 시간대별·일별 집계)",X,X,X,O,O,201901~202502,4,기준일자 / 행정동코드 / 격자id / 적재일자
POP012,인구,"SKT 생활인구(행정동·성별·연령·일별) SKT 생활인구(행정동·유입지역 단위, 성별·연령별, 일별 집계)",X,X,X,O,O,201901~202502,5,기준일자 / 행정기관 코드 / 성별 / 연령 / 적재일자
POP013,인구,SKT 생활인구(행정동·시간대·일별) SKT 생활인구(행정동·시간대·일별 집계),X,X,X,O,O,201901~202502,4,기준일자 / 행정기관 코드 / 시간대 / 적재일자
POP014,인구,"지역별 인구 합계지역, 연령, 성별 단위 인구 합계",O,O,O,O,O,202108~202408,14,데이터 생성 년월 / 시도 코드 / 시군구 코드 / 동 코드 / 집계구 코드 / 시도 명칭 / 시군구 명칭 / 동 명칭 / 집계구 명칭 / 연령 구분 / 성별 구분 / 인구 합계 / 데이터 적재 일자 / 데이터 생성 센터 코드
POP015,인구,"가구유형별 인구 합계지역, 가구 유형, 세대주 연령, 세대주 성별 단위 인구 합계",O,O,O,O,O,202108~202208,15,데이터 생성 년월 / 시도 코드 / 시군구 코드 / 동 코드 / 집계구 코드 / 시도 명칭 / 시군구 명칭 / 동 명칭 / 집계구 명칭 / 가구 유형 구분 / 세대주 연령 구분 / 세대주 성별 구분 / 인구 합계 / 데이터 적재 일자 / 데이터 생성 센터 코드
POP017,인구,성연령별 생활인구(50m격자)KT 50m 격자 생활인구 데이터,X,X,X,O,O,202301~202603,3,기준일자 / 행정동코드 / 격자ID
POP018,인구,성연령별 생활인구(250m격자) KT 성연령별 생활인구(250m격자),X,X,X,O,O,202301~202603,3,기준일자 / 행정동코드 / 격자ID
POP019,인구,행정동별 성연령별 생활인구(행정동)KT 행정동별 성연령별 생활인구(행정동),X,X,X,O,O,202301~202606,7,기준일자 / 행정기관코드 / 성별 / 연령별 / 주거인구수 / 직장인구수 / 방문인구수
POP020,인구,시간대별 생활인구(50m격자) KT 시간대별 생활인구(50m격자),X,X,X,O,O,202301~202603,3,기준일자 / 행정동코드(10자리) / 격자id
POP021,인구,시간대별 생활인구(250m격자) KT 시간대별 생활인구(250m격자),X,X,X,O,O,202301~202603,3,기준일자 / 행정동코드(10자리) / 격자id
POP022,인구,행정동별 시간대별 생활인구(행정동)KT 행정동별 시간대별 생활인구(행정동),X,X,X,O,O,202301~202606,6,기준일자 / 행정동코드 / 시간대(00~23) / 주거인구수 / 직장인구수 / 방문인구수
POP023,인구,행정동별 유입지별 성연령별 생활인구KT 행정동별 유입지별 성연령별 생활인구,X,X,X,O,O,202301~202606,7,기준일자 / 행정동코드 / 성연령 / 유입지코드 / 주거인구수 / 직장인구수 / 방문인구수
POP024,인구,행정동별 유입지별 시간대 생활인구KT 행정동별 유입지별 시간대 생활인구,X,X,X,O,O,202301~202606,7,기준일자 / 행정동코드 / 유입지 코드 / 시간대 / 주거인구수 / 직장인구수 / 방문인구수
POP025,인구,행정동별 성연령별 유출인구KT 행정동별 성연령별 유출인구,X,X,X,O,O,202301~202606,7,기준일자 / 행정동코드 / 성연령 / 유출지 코드 / 주거인구수 / 직장인구수 / 방문인구수
POP026,인구,행정동별 시간대별 유출인구KT 행정동별 시간대별 유출인구,X,X,X,O,O,202301~202606,7,기준일자 / 행정동코드 / 유출지 코드 / 시간대 / 주거인구수 / 직장인구수 / 방문인구수
POP027,인구,행정동별 국적별 성연령 생활인구KT 행정동별 국적별 성연령 생활인구,X,X,X,O,O,202301~202606,8,기준일자 / 행정동코드 / 국적코드 / 성별 / 연령별 / 주거인구수 / 직장인구수 / 방문인구수
POP028,인구,행정동별 국적별 시간대 생활인구KT 행정동별 국적별 시간대 생활인구,X,X,X,O,O,202301~202606,7,기준일자 / 행정동코드 / 국적코드 / 시간대 / 주거인구수 / 직장인구수 / 방문인구수
POP029,인구,일별 행정동 성연령별 청년인구KT 일별 행정동 성연령별 청년인구,X,X,X,O,O,202301~202606,7,기준일자 / 행정동코드 / 성별 / 연령 / 주거인구수 / 직장인구수 / 방문인구수
POP030,인구,일별 행정동 시간대별 연령별 청년인구KT 일별 행정동 시간대별 연령별 청년인구,X,X,X,O,O,202301~202606,7,기준일자 / 행정동코드 / 연령 / 시간대(00~23) / 주거인구수 / 직장인구수 / 방문인구수
POP031,인구,월별 관광지별 성별 방문인구KT 월별 관광지별 성별 방문인구,X,X,X,O,O,202306~202606,4,기준연월 / 관광지코드 / 관광지명칭 / 방문자분류
POP032,인구,월별 관광지별 연령별 방문인구KT 월별 관광지별 연령별 방문인구,X,X,X,O,O,202306~202606,4,기준연월 / 관광지코드 / 관광지명칭 / 방문자분류
POP033,인구,월별 관광지별 유입지별 방문인구KT 월별 관광지별 유입지별 방문인구,X,X,X,O,O,202306~202606,4,기준연월 / 관광지코드 / 관광지명칭 / 방문자분류
POP034,인구,월별 관광지별 국적별 방문인구KT 월별 관광지별 국적별 방문인구,X,X,X,O,O,202306~202606,4,기준연월 / 관광지코드 / 관광지명칭 / 방문자분류(국적)
POP035,인구,KT국적코드KT국적코드,O,O,O,O,O,2025~2025,4,대륙코드 / 대륙명 / 국적코드 / 국적명
POP036,인구,SKT 성연령별 유출인구SKT 행정동별 유입지별 성연령별 유출인구,X,X,X,O,O,202405~202502,4,기준일자 / 유출지코드 / 성연령 / 행정동코드
POP037,인구,SKT 시간대별 유출인구SKT 행정동별 유입지별 시간대별 유출인구,X,X,X,O,O,202501~202502,4,기준일자 / 유출지코드 / 행정동코드 / 시간대
REL001,부동산,건축물대장 주택가격건축물대장의 주택 가격 정보,O,O,O,O,O,200801~202001,28,관리건축물대장PK / 관리건축물대장PK 앞 5자리 / 관리건축물대장PK 뒷자리 / 대장구분코드 / 대장구분코드명 / 대장종류코드 / 대장종류코드명 / 대지위치 / 도로명대지위치 / 건물명 / 법정동코드 앞5자리 / 법정동코드 뒷자리 / 대지구분코드 / 번 / 지 / 특수지명 / 블록 / 로트 / 외필지수 / 새주소도로코드
REL002,부동산,건축물대장 기본개요건축물대장의 기본 개요 정보,O,O,O,O,O,202012~202012,34,관리건축물대장PK / 관리건축물대장PK 앞 5자리 / 관리건축물대장PK 뒷자리 / 관리상위건축물대장PK / 대장구분코드 / 대장구분코드명 / 대장종류코드 / 대장종류코드명 / 대지위치 / 도로명대지위치 / 건물명 / 법정동코드 앞5자리 / 법정동코드 뒷자리 / 대지구분코드 / 번 / 지 / 특수지명 / 블록 / 로트 / 외필지수
REL003,부동산,건축물대장 지역·지구·구역건축물대장의 지역·지구·구역 정보,O,O,O,O,O,202012~202012,22,관리건축물대장PK / 관리건축물대장PK 앞 5자리 / 관리건축물대장PK 뒷자리 / 대지위치 / 도로명대지위치 / 법정동코드 앞5자리 / 법정동코드 뒷자리 / 대지구분코드 / 번 / 지 / 특수지명 / 블록 / 로트 / 지역지구구역구분코드 / 지역지구구역구분코드명 / 지역지구구역코드 / 지역지구구역코드명 / 대표여부 / 기타지역지구구역 / 생성일자
REL004,부동산,건축물대장 총괄표제부건축물대장의 총괄 표제부 정보,O,O,O,O,O,202012~202012,56,관리건축물대장PK / 관리건축물대장PK 앞 5자리 / 관리건축물대장PK 뒷자리 / 대장구분코드 / 대장구분코드명 / 대장종류코드 / 대장종류코드명 / 신구대장구분코드 / 신구대장구분코드명 / 대지위치 / 도로명대지위치 / 건물명 / 법정동코드 앞5자리 / 법정동코드 뒷자리 / 대지구분코드 / 번 / 지 / 특수지명 / 블록 / 로트
REL005,부동산,건축물대장 오수정화시설건축물대장의 오수정화시설 정보,O,O,O,O,O,202012~202012,31,관리건축물대장PK / 관리건축물대장PK 앞 5자리 / 관리건축물대장PK 뒷자리 / 대장구분코드 / 대장구분코드명 / 대장종류코드 / 대장종류코드명 / 대지위치 / 도로명대지위치 / 건물명 / 법정동코드 앞5자리 / 법정동코드 뒷자리 / 대지구분코드 / 번 / 지 / 특수지명 / 블록 / 로트 / 새주소도로코드 / 새주소법정동코드
REL006,부동산,건축물대장 표제부건축물대장의 표제부 정보,O,O,O,O,O,202012~202511,67,관리건축물대장PK / 관리건축물대장PK 앞 5자리 / 관리건축물대장PK 뒷자리 / 대장구분코드 / 대장구분코드명 / 대장종류코드 / 대장종류코드명 / 대지위치 / 도로명대지위치 / 건물명 / 법정동코드 앞5자리 / 법정동코드 뒷자리 / 대지구분코드 / 번 / 지 / 특수지명 / 블록 / 로트 / 외필지수 / 새주소도로코드
REL007,부동산,건축물대장 전유부건축물대장의 전유부 정보,O,O,O,O,O,202012~202012,31,관리건축물대장PK / 관리건축물대장PK 앞 5자리 / 관리건축물대장PK 뒷자리 / 대장구분코드 / 대장구분코드명 / 대장종류코드 / 대장종류코드명 / 대지위치 / 도로명대지위치 / 건물명 / 법정동코드 앞5자리 / 법정동코드 뒷자리 / 대지구분코드 / 번 / 지 / 특수지명 / 블록 / 로트 / 새주소도로코드 / 새주소법정동코드
REL008,부동산,건축물대장 층별개요건축물대장의 층별 개요 정보,O,O,O,O,O,202012~202012,36,관리건축물대장PK / 관리건축물대장PK 앞 5자리 / 관리건축물대장PK 뒷자리 / 대지위치 / 도로명대지위치 / 건물명 / 법정동코드 앞5자리 / 법정동코드 뒷자리 / 대지구분코드 / 번 / 지 / 특수지명 / 블록 / 로트 / 새주소도로코드 / 새주소법정동코드 / 새주소지상지하코드 / 새주소본번 / 새주소부번 / 동명
REL009,부동산,건축물대장 소유자 구분정보건축물대장의 소유자 구분 정보,O,O,O,O,O,202012~202012,32,관리건축물대장PK / 관리건축물대장PK 앞 5자리 / 관리건축물대장PK 뒷자리 / 법정동코드 앞5자리 / 시군구명 / 법정동코드 뒷자리 / 법정동명 / 대지구분코드 / 대지구분명 / 번 / 지 / 특수지명 / 블록 / 로트 / 새주소대지위치 / 새주소도로코드 / 새주소법정동코드 / 새주소지상지하코드 / 새주소지상지하명 / 새주소본번
REL010,부동산,건축물대장 부속지번건축물대장의 부속지번 정보,O,O,O,O,O,202012~202012,37,관리건축물대장PK / 관리건축물대장PK 앞 5자리 / 관리건축물대장PK 뒷자리 / 대장구분코드 / 대장구분코드명 / 대장종류코드 / 대장종류코드명 / 대지위치 / 도로명대지위치 / 건물명 / 법정동코드 앞5자리 / 법정동코드 뒷자리 / 대지구분코드 / 번 / 지 / 특수지명 / 블록 / 로트 / 새주소도로코드 / 새주소법정동코드
REL011,부동산,건축물대장 전유·공용 면적건축물대장의 전유 및 공용 면적 정보,O,O,O,O,O,202012~202012,42,관리건축물대장PK / 관리건축물대장PK 앞 5자리 / 관리건축물대장PK 뒷자리 / 대장구분코드 / 대장구분코드명 / 대장종류코드 / 대장종류코드명 / 대지위치 / 도로명대지위치 / 건물명 / 법정동코드 앞5자리 / 법정동코드 뒷자리 / 대지구분코드 / 번 / 지 / 특수지명 / 블록 / 로트 / 새주소도로코드 / 새주소법정동코드
REL014,부동산,지역별 실거래 매매 금액 면적 평균부산 부동산 지역별 실거래 매매 평균 금액 및 면적 통계,O,O,O,O,O,202107~202512,8,기준년월 / 법정동 기준 주소 / 행정동 기준 주소 / 행정동 코드 / 집계구 코드 / 평균 매매금액 / 평균 면적 / 용도
REL015,부동산,지역별 전월세 금액 면적 평균부산 부동산 지역별 전월세 평균 금액 및 면적 통계,O,O,O,O,O,202107~202512,10,기준년월 / 법정동 기준 주소 / 행정동 기준 주소 / 행정동 코드 / 집계구 코드 / 평균 보증금 / 평균 임대료 / 평균 면적 / 전월세 여부 / 용도
REL016,부동산,행정동단위 건축물 주차시설 통계행정동 단위 건축물 주차시설 통계 데이터,O,O,O,O,O,202101~202401,16,기준일자 / 시도명 / 시군구명 / 행정동명 / 행정구역 코드 / 대지면적 / 건축면적 / 연면적 / 건축물 용도 / 건축물 수 / 옥내기계식 주차대수 / 옥외기계식 주차대수 / 옥내자주식 주차대수 / 옥외자주식 주차대수 / 적재일시 / 센터코드
REL017,부동산,집계구단위 건축물 주차시설 통계집계구 단위 건축물 주차시설 통계 데이터,O,O,O,O,O,202101~202401,18,기준일자 / 시도명 / 시군구명 / 행정동명 / 집계구코드 / 집계구 x좌표 / 집계구 y좌표 / 대지면적 / 건축면적 / 연면적 / 건축물 용도 / 건축물 수 / 옥내기계식 주차대수 / 옥외기계식 주차대수 / 옥내자주식 주차대수 / 옥외자주식 주차대수 / 적재일시 / 센터코드
REL018,부동산,부산 공공 와이파이부산지역 공공 와이파이,O,O,O,O,O,2020~2020,11,설치장소 / 시설구분 / 무선SSID / 서비스 제공처 / AP개수 / 시도명 / 시군구명 / 지번주소 / 참조일자 / 비고 / 기준년도
REL019,부동산,"부산시 시군구 생산가능인구 데이터 결합부산시 250m 격자 단위 생산가능인구 원시 데이터(격자 아이디, 생산",X,X,X,X,X,202204~202404,4,격자 아이디 / 생산가능인구수 / 생산가능인구수 / 연월
REL020,부동산,"월별  공시지가 데이터개별공시지가 원시 데이터(법정동, 지번, 지목, 면적, 기준연월, 과년도 공시지가 등 ",X,X,X,X,X,202208~202401,20,고유번호 / 법정동코드 / 법정동명 / 대장구분코드 / 대장구분명 / 지번 / 지번지목부호 / 기준연도 / 기준월 / 개별공시지가(원/㎡) / 표준지여부 / 지목코드 / 지목 / 토지면적(㎡) / 데이터기준일자 / 시군구코드 / 과년도_1_공시_지가 / 과년도_2_공시_지가 / 과년도_3_공시_지가 / 과년도_4_공시_지가
REL021,부동산,"용도별 공간 데이터토지 특성 및 공시지가 원시 데이터(법정동, 지번, 지목, 면적, 용도지역, 이용상황, 지",X,X,X,X,X,202407~202407,27,도형ID / 고유번호 / 법정동코드 / 법정동명 / 대장구분코드 / 대장구분명 / 지번 / 지번지목부호 / 기준연도 / 기준월 / 지목코드 / 지목명 / 토지면적(㎡) / 용도지역코드1 / 용도지역명1 / 용도지역코드2 / 용도지역명2 / 토지이용상황코드 / 토지이용상황명 / 지형높이코드
REL022,부동산,철도 위치 정보역 위치 데이터,X,X,X,X,X,202404~202404,5,지역본부 / 역명 / 위도 / 경도 / 출입구 개수
REL023,부동산,고속도로 IC 위치정보고속도로 IC/JC 위치 정보,X,X,X,X,X,202406~202406,6,IC/JC코드 / IC/JC명 / 노선코드 / 노선명 / X좌표값 / Y좌표값
REL024,부동산,공항 위치 데이터공항 위치 데이터,X,X,X,X,X,202308~202308,4,공항명 / 행정구역 / 위도(WGS84좌표) / 경도(WGS84좌표)
REL025,부동산,항만 시설 위치 공간 데이터항만 시설 위치 공간 데이터,X,X,X,X,X,202404~202404,25,gid / 분류명 / 해안명 / 무역항명 / 등록번호 / mnct_scale / 무역항명 / 관련법률 / 관련부처명 / 개정일시 / 주소 / 지역위치 / 지역좌표 / 사진명 / 비고 / 지역영문명 / 전자해도번호 / 아이디 / 카테고리코드 / 주소코드
REL026,부동산,"건폐율 데이터부산시 250m 격자 단위 건폐율 원시 데이터(격자 아이디, 건폐율 값, 연월 포함)",X,X,X,X,X,202207~202404,4,격자 아이디 / 건폐율 / 건폐율 / 연월
REL027,부동산,"용적률 데이터부산시 250m 격자 단위 용적률 원시 데이터(격자 아이디, 용적률 값, 연월 포함)",X,X,X,X,X,202207~202404,4,격자 아이디 / 건폐율 / 건폐율 / 연월
REL028,부동산,"도로링크 데이터도로망 링크 원시 데이터(링크ID, 시작/종점 노드, 차로수, 도로등급·유형·번호·명칭, 최고",X,X,X,X,X,202403~202403,9,링크아이디 / 시작점 / 종착점 / 도로랭크 / 도로타입 / 도로번호 / 도로명 / 최고속도 / 길이
REL029,부동산,물류창고 위치데이터창고 정보(2024-08-19) 데이터,X,X,X,X,X,202408~202408,9,상호명 / 사업자번호 / 소재지 / 일반창고면적(m²) / 냉동냉장창고면적(m²) / 보관장소면적(m²) / 타법률창고면적(m²) / 관련법률 / 취급품목
REL030,부동산,"부산시 250m 격자표준 격자 참조 테이블(격자 아이디 관리, 공간 분석 및 통계 산출 기준 격자)",X,X,X,X,X,202404~202404,1,격자 아이디
REL031,부동산,부산시 생산가능인구 데이터부산 생산가능인구 데이터,X,X,X,X,X,202204~202404,4,격자 아이디 / 생산가능인구수 / 생산가능인구수 / 연월
REL032,부동산,부산시 월별 생활인구부산시 월별 생활인구,X,X,X,X,X,202204~202404,6,격자 아이디 / 월별 생활인구수 / 월별 생활인구수 / 월별 생활인구수 / 월별 생활인구수 / 월별 생활인구수
REL033,부동산,부산시 월별 생활인구(보간법 적용) 부산시 월별 생활인구(보간법 적용),X,X,X,X,X,202204~202404,26,격자 아이디 / 월별 생활인구수 / 월별 생활인구수 / 월별 생활인구수 / 월별 생활인구수 / 월별 생활인구수 / 월별 생활인구수 / 월별 생활인구수 / 월별 생활인구수 / 월별 생활인구수 / 월별 생활인구수 / 월별 생활인구수 / 월별 생활인구수 / 월별 생활인구수 / 월별 생활인구수 / 월별 생활인구수 / 월별 생활인구수 / 월별 생활인구수 / 월별 생활인구수 / 월별 생활인구수
REL034,부동산,부산시 월별 생활인구(LSTM 적용) 부산시 월별 생활인구(LSTM 적용),X,X,X,X,X,202208~202412,1,격자 아이디
REL035,부동산,부산시 공시지가 데이터부산시 공시지가 데이터,X,X,X,X,X,202208~202412,1,격자 아이디
REL036,부동산,부산시 월별 공시지가부산시 월별 공시지가,X,X,X,X,X,202208~202401,7,격자 아이디 / 2022 08 공시지가 / 2023 03 공시지가 / 2023 08 공시지가 / 2023 09 공시지가 / 2023 12 공시지가 / 2024 01 공시지가
REL037,부동산,부산시 월별 생활인구(보간법 적용) 부산시 월별 생활인구(보간법 적용),X,X,X,X,X,202208~202404,22,격자 아이디 / 월별 공시지가 / 월별 공시지가 / 월별 공시지가 / 월별 공시지가 / 월별 공시지가 / 월별 공시지가 / 월별 공시지가 / 월별 공시지가 / 월별 공시지가 / 월별 공시지가 / 월별 공시지가 / 월별 공시지가 / 월별 공시지가 / 월별 공시지가 / 월별 공시지가 / 월별 공시지가 / 월별 공시지가 / 월별 공시지가 / 월별 공시지가
REL038,부동산,부산시 월별 생활인구(LSTM 적용) 월별 및 예측 공시지가 데이터,X,X,X,X,X,202208~202412,30,격자 아이디 / 월별 공시지가 / 월별 공시지가 / 월별 공시지가 / 월별 공시지가 / 월별 공시지가 / 월별 공시지가 / 월별 공시지가 / 월별 공시지가 / 월별 공시지가 / 월별 공시지가 / 월별 공시지가 / 월별 공시지가 / 월별 공시지가 / 월별 공시지가 / 월별 공시지가 / 월별 공시지가 / 월별 공시지가 / 월별 공시지가 / 월별 공시지가
REL039,부동산,부산시 용도지역 데이터부산시 용도지역 데이터,X,X,X,X,X,202407~202411,27,도형ID / 고유번호 / 법정동코드 / 법정동명 / 대장구분코드 / 대장구분명 / 지번 / 지번지목부호 / 기준연도 / 기준월 / 지목코드 / 지목명 / 토지면적(㎡) / 용도지역코드1 / 용도지역명1 / 용도지역코드2 / 용도지역명2 / 토지이용상황코드 / 토지이용상황명 / 지형높이코드
REL040,부동산,부산시 물류창고 가능입지 필터링 용도지역 데이터부산시 물류창고 가능입지 필터링 용도지역 데이터,X,X,X,X,X,202407~202407,27,도형ID / 고유번호 / 법정동코드 / 법정동명 / 대장구분코드 / 대장구분명 / 지번 / 지번지목부호 / 기준연도 / 기준월 / 지목코드 / 지목명 / 토지면적(㎡) / 용도지역코드1 / 용도지역명1 / 용도지역코드2 / 용도지역명2 / 토지이용상황코드 / 토지이용상황명 / 지형높이코드
REL041,부동산,용도지역 정보(250M 격자 적용) 건축물 유형 데이터,X,X,X,X,X,202407~202407,2,격자 아이디 / 용도지역명
REL042,부동산,철도 위치 공간 데이터철도 위치 공간 데이터,X,X,X,X,X,202404~202404,5,지역본부 / 역명 / 위도 / 경도 / 출입구 개수
REL043,부동산,격자 중심에서 철도 거리 데이터격자별 지하철 거리 정보,X,X,X,X,X,202404~202404,1,격자 아이디
REL044,부동산,고속도로 IC 공간 데이터고속도로 IC 공간 데이터,X,X,X,X,X,202406~202406,6,IC/JC코드 / IC/JC명 / 노선코드 / 노선명 / X좌표값 / Y좌표값
REL045,부동산,격자 중심에서 고속도로 IC 거리 데이터고속도로 격자 거리 데이터,X,X,X,X,X,202406~202406,1,격자 아이디
REL046,부동산,공항 위치 공간 데이터공항 위치 공간 데이터,X,X,X,X,X,202308~202308,4,공항명 / 행정구역 / 위도(WGS84좌표) / 경도(WGS84좌표)
REL047,부동산,격자 중심에서 공항 거리 데이터공항 격자 거리 데이터,X,X,X,X,X,202308~202308,1,격자 아이디
REL048,부동산,격자 중심에서 항만 거리 데이터항만(선박) 격자 거리 데이터,X,X,X,X,X,202404~202404,1,격자 아이디
REL049,부동산,부산시 건폐율 데이터부산 건물 커버리지 시계열 데이터,X,X,X,X,X,202207~202404,4,격자 아이디 / 건폐율 / 건폐율 / 연월
REL050,부동산,부산시 월별 건폐율 데이터 결합부산 건물 커버리지 원시 데이터,X,X,X,X,X,202111~202411,23,격자 아이디 / 월별 건폐율 / 월별 건폐율 / 월별 건폐율 / 월별 건폐율 / 월별 건폐율 / 월별 건폐율 / 월별 건폐율 / 월별 건폐율 / 월별 건폐율 / 월별 건폐율 / 월별 건폐율 / 월별 건폐율 / 월별 건폐율 / 월별 건폐율 / 월별 건폐율 / 월별 건폐율 / 월별 건폐율 / 월별 건폐율 / 월별 건폐율
REL051,부동산,부산시 월별 건폐율 데이터 (LSTM적용)부산 건물 커버리지 LSTM 예측 데이터,X,X,X,X,X,202205~202412,31,격자 아이디 / 월별 건폐율 / 월별 건폐율 / 월별 건폐율 / 월별 건폐율 / 월별 건폐율 / 월별 건폐율 / 월별 건폐율 / 월별 건폐율 / 월별 건폐율 / 월별 건폐율 / 월별 건폐율 / 월별 건폐율 / 월별 건폐율 / 월별 건폐율 / 월별 건폐율 / 월별 건폐율 / 월별 건폐율 / 월별 건폐율 / 월별 건폐율
REL052,부동산,부산시 용적률 데이터부산 용적률 시계열 데이터,X,X,X,X,X,202207~202404,4,격자 아이디 / 건폐율 / 건폐율 / 연월
REL053,부동산,부산시 월별 용적률 데이터 결합월별 용적률 원시 데이터,X,X,X,X,X,202111~202411,23,격자 아이디 / 월별 용적률 / 월별 용적률 / 월별 용적률 / 월별 용적률 / 월별 용적률 / 월별 용적률 / 월별 용적률 / 월별 용적률 / 월별 용적률 / 월별 용적률 / 월별 용적률 / 월별 용적률 / 월별 용적률 / 월별 용적률 / 월별 용적률 / 월별 용적률 / 월별 용적률 / 월별 용적률 / 월별 용적률
REL054,부동산,부산시 월별 용적률 데이터 (LSTM적용)월별 및 예측 용적률 LSTM 결과,X,X,X,X,X,202207~202412,31,격자 아이디 / 월별 용적률 / 월별 용적률 / 월별 용적률 / 월별 용적률 / 월별 용적률 / 월별 용적률 / 월별 용적률 / 월별 용적률 / 월별 용적률 / 월별 용적률 / 월별 용적률 / 월별 용적률 / 월별 용적률 / 월별 용적률 / 월별 용적률 / 월별 용적률 / 월별 용적률 / 월별 용적률 / 월별 용적률
REL055,부동산,격자 중심에서 도로까지 거리격자별 도로거리 데이터,X,X,X,X,X,202403~202403,2,격자 아이디 / 거리
REL056,부동산,"물류창고 위치 공간데이터창고업체 시설 정보 원시 데이터(상호명, 사업자번호, 소재지, 창고면적, 관련법률, ",X,X,X,X,X,202408~202408,22,상호명 / 사업자번호 / 소재지 / 일반창고면 / 냉동냉장창 / 보관장소면 / 타법률창고 / 관련법률 / 취급품목 / 입력주소 / X / Y / CLSS / PNU / 주소구분 / 표준신주소 / 표준구주소 / 우편번호 / 행정동코드 / 행정동명
REL057,부동산,격자 내 물류창고 수창고 수량 처리 데이터,X,X,X,X,X,202408~202408,2,격자 아이디 / 물류창고수
REL058,부동산,융합 데이터셋최종 융합데이터셋,X,X,X,X,X,202412~202412,12,격자 아이디 / 토지용도 / 물류창고수 / 24년 12월 예측 생활인구 / 24년 12월 예측 공시지가 / 24년 12월 예측 건폐율 / 24년 12월 예측 용적률 / 공항 거리지수 / 항만 거리지수 / 철도 거리지수 / 고속도로 거리지수 / 도로 거리지수
REL059,부동산,격자별 물류창고 입지 예측 데이터창고 입지 추천 결과 데이터,X,X,X,X,X,202412~202412,2,격자 아이디 / 입지 예측값
TOU001,관광,상권 기본정보 코드상권 기본 정보,X,X,O,O,O,201501~201512,27,ID / 행정구역코드 / 성별코드 / 소재지 도로명 / 소재지도로주건물번호 / 소재지도로부건물번호 / 도로빌딩시장상가명 / 소재지도로동명 / 소재지도로층명 / 소재지도로호명 / 소재지지번읍면동명 / 소재지지번리명 / 소재지지번번지명 / 소재지지번호명 / 소재지지번통명 / 소재지지번반명 / 소재지지번단지명 / 소재지지번블록명 / 소재지지번필지명 / 창설년도
TOU002,관광,관광지 방문객(성별·월)월별 관광지 방문객 데이터(성별별),X,X,X,O,O,202301~202404,5,기준년월 / 관광지코드 / 관광지명칭 / 방문자분류(성별) / 적재일자
TOU003,관광,관광지 방문객(연령대별·월)월별 관광지 방문객 데이터(연령대별),X,X,X,O,O,202301~202404,5,기준년월 / 관광지코드 / 관광지명칭 / 방문자분류 / 적재일자
TOU004,관광,관광지 방문객(유입지별·월)월별 관광지 방문객 데이터(유입지별),X,X,X,O,O,202301~202404,8,기준년월 / 관광지코드 / 관광지명칭 / 유입지코드 / 유입지 시도명 / 유입지 시군구명 / 유입지 행정동명 / 적재일자
TOU005,관광,관광지 방문객(국적별·월)월별 관광지 방문객 데이터(국적별),X,X,X,O,O,202301~202404,5,기준년월 / 관광지코드 / 관광지명칭 / 방문자국적 / 적재일자
TOU006,관광,관광지 코드관광지 코드 목록(좌표 포함),X,X,X,O,O,202301~202404,3,관광지코드 / 관광지명칭 / 적재일자
TOU007,관광,지역 업종 규모 사업체 합계상권 지역별 업종별 통계,O,O,O,O,O,202112~202312,8,기준년월 / 행정동 코드 / 집계구 코드 / 표준산업분류코드 / 표준산업분류코드 명칭 / 종사자 규모 구분 / 매출액 규모 / 사업자 수
TOU008,관광,관광지 방문통계관광지별 월 단위 총 방문객 통계,O,O,O,O,O,202007~202309,5,기준년월 / 관광지 코드 / 관광지 명칭 / 방문자 통계 분류 / 방문자 수
TOU009,관광,관광지 연령 방문통계관광지별 월 단위 연령별 방문객 통계,O,O,O,O,O,202007~202309,5,기준년월 / 관광지 코드 / 관광지 명칭 / 방문자 통계 분류 / 방문자 수
TOU010,관광,관광지 유입지 방문통계관광지별 월 단위 유입지별 방문객 통계,O,O,O,O,O,202007~202309,5,기준년월 / 관광지 코드 / 관광지 명칭 / 방문자 통계 분류 / 방문자 수
TOU011,관광,관광지 국적 방문통계관광지별 월 단위 외국인 방문객 통계,O,O,O,O,O,202007~202309,5,기준년월 / 관광지 코드 / 관광지 명칭 / 방문자 통계 분류 / 방문자 수
TOU012,관광,관광지 관광명소 정보관광지별 관광명소 정보,O,O,O,O,O,202006~202311,6,기준년월 / 관광지 코드 / 관광명소 명칭 / 위도 / 경도 / 집계구 코드
TOU013,관광,21년 관광지 해수욕장 코드 신한카드21년_관광지_해수욕장_코드_신한카드,O,O,O,O,O,202101~202105,4,해수욕장_권역 / 해수욕장_권역_이름 / 설명 / 기준년도
TOU014,관광,21년 관광지 해수욕장A권역 내국인 신용카드 신한카드21년_관광지_해수욕장A권역_내국인_신용카드_신한카드,X,X,X,O,O,202101~202105,9,해수욕장_권역 / 개인_법인_구분 / 성별_코드 / 연령대_코드 / 유입지_시도_이름 / 유입지_시군구_이름 / 업종대분류_이름 / 시스템_최종적재_일시 / 기준년월일
TOU015,관광,21년 관광지 해수욕장B권역 내국인 신용카드 신한카드21년_관광지_해수욕장B권역_내국인_신용카드_신한카드,X,X,X,O,O,202101~202105,9,해수욕장_권역 / 개인_법인_구분 / 성별_코드 / 연령대_코드 / 유입지_시도_이름 / 유입지_시군구_이름 / 업종대분류_이름 / 시스템_최종적재_일시 / 기준년월일
TOU016,관광,21년 관광지 해수욕장 외국인 신용카드 신한카드21년_관광지_해수욕장_외국인_신용카드_신한카드,X,X,X,O,O,202101~202105,5,해수욕장_권역 / 국적 / 업종대분류_이름 / 시스템_최종적재_일시 / 기준년월일
SPN001,소비,"동백전 거래내역(일별, 2021)2021년 동백전 일별 거래내역",X,X,X,O,O,202104~202104,14,거래일자 / 카드사코드 / 전체금액 / 잔액 / 캐시백 / 정책수당 / 생년월일 / 성별 / 가맹점명 / 업종명 / 업종코드 / 주소 / 사업자번호 / 적재일자
SPN002,소비,동백전 승인거래 원장2022년 동백전 승인거래 원장,X,X,X,O,O,202204~202212,24,주문번호 / 거래일자 / 거래시간 / 승인번호 / 전송거래번호 / 원전송거래번호 / 지자체코드 / 카드사명칭 / 전체금액 / 구매형 / 지급형 / 캐시형 / 생년월일 / 성별 / CINO / 가맹점명 / 업종명 / 업종코드 / 주소 / 상세주소
SPN003,소비,전통시장 기본정보 코드전국 전통시장 기본 정보,O,O,O,O,O,202201~202201,9,시장 명칭 / 시장 유형 / 도로명 주소 / 구 주소 / 위도 / 경도 / 주소 / 기준년월 / 적재일자
SPN004,소비,가맹점 기본정보 코드가맹점 기본정보(동백전/NICE기업신용),X,X,O,O,O,202210~202210,14,"사업자번호 / 정보출처(동백전, 기업신용) / 가맹점명 / 업종코드 / 업종명 / 주소 / 상세주소 / 행정동명 / 행정동코드 / 집계구코드 / 위도 / 경도 / 기준년월 / 적재일자"
SPN005,소비,신한카드 카드소비(행정동·업종·성별·연령·시간대·일별) 신한카드 일별 카드소비 데이터(행정동·업종·성별·연령,X,X,X,O,O,201901~202112,13,기준년월 / 기준년월일 / 행정기관_코드 / 업종구분_대분류 / 업종구분_중분류 / 성별_코드 / 연령대_코드 / 시간대_코드 / 카드_이용금액 / 카드_이용건수 / 재난_지원금_이용금액 / 시스템_최종적재_일시 / 적재일자
SPN006,소비,신한카드 전통시장 카드소비(시장·업종·요일·시간대·일별)신한카드 일별 전통시장 카드소비 데이터(시장·업종·요,X,X,X,O,O,201901~202112,11,기준년월 / 기준년월일 / 전통시장_코드 / 업종구분_대분류 / 업종구분_중분류 / 요일_코드 / 시간대_코드 / 카드_이용금액 / 카드_이용건수 / 시스템_최종적재_일시 / 적재일자
SPN007,소비,신한카드 폐업가맹점 매출(행정동·업종·사업자·월)신한카드 월별 폐업 가맹점 매출 데이터(행정동·업종·사업자별,X,X,X,O,O,201901~202012,11,기준년월 / 행정기관_코드 / 업종구분_대분류 / 업종구분_중분류 / 업종구분_소분류 / 운영기간 / 사업자_구분 / 카드_이용금액 / 카드_이용건수 / 시스템_최종적재_일시 / 적재일자
SPN008,소비,신한카드 운영가맹점 매출(행정동·업종·사업자·월)신한카드 월별 운영 가맹점 매출 데이터(행정동·업종·사업자별,X,X,X,O,O,201901~202012,11,기준년월 / 행정기관_코드 / 업종구분_대분류 / 업종구분_중분류 / 업종구분_소분류 / 사업자_구분 / 운영기간 / 카드_이용금액 / 카드_이용건수 / 시스템_최종적재_일시 / 적재일자
SPN009,소비,100m 격자 성별·연령·시간대별 카드이용(일별) 100m 격자 기준 성별·연령·시간대별 일별 카드 소비 집,X,X,X,O,O,202201~202201,10,재난_지원금_이용금액 / 전통시장_상품권_이용금액 / 카드_이용금액 / 결제건수 / 기준연월일 / 100미터_격자_코드 / 성별_코드 / 연령대_코드 / 시간대_코드 / 적재일자
SPN010,소비,100m 격자 업종별 카드이용(일별)100m 격자 기준 업종별 일별 카드 소비 집계,X,X,X,O,O,202201~202201,9,기준년월일 / 100미터_격자_코드 / 업종구분_대분류 / 업종구분_중분류 / 카드_이용금액 / 결제건수 / 재난_지원금_이용금액 / 전통시장_상품권_이용금액 / 적재일자
SPN011,소비,해수욕장 국적별 카드이용(일별)해수욕장 방문객 국적별 일별 카드 소비 집계,X,X,X,O,O,202201~202201,6,기준년월 / 기준년월일 / 국적 / 카드_이용금액 / 결제건수 / 적재일자
SPN012,소비,해수욕장 국적·업종별 카드이용(일별) 해수욕장 방문객 국적·업종별 일별 카드 소비 집계,X,X,X,O,O,202201~202201,7,해수욕장_코드 / 기준년월일 / 국적 / 업종_대분류 / 카드_이용금액 / 결제건수 / 적재일자
SPN013,소비,관광객 국적별 카드이용(일별)관광객 국적별 일별 카드 소비 집계,X,X,X,O,O,202201~202201,6,국적 / 카드_이용금액 / 결제건수 / 기준년월 / 기준년월일 / 적재일자
SPN014,소비,전통시장 업종·시간대별 카드이용(일/월)전통시장 업종·시간대별 일별/월별 카드 소비 집계(요일은 코멘트만 반,X,X,X,O,O,202201~202204,10,기준년월 / 기준년월일 / 전통시장_코드 / 업종구분_대분류 / 업종구분_중분류 / 요일_코드 / 시간대_코드 / 카드_이용금액 / 결제건수 / 적재일자
SPN015,소비,BC카드 월별 상권소비(행정동·업종) BC카드의 월별 상권 소비 데이터(행정동·업종별),X,X,X,O,O,202201~202204,73,기준년월 / 광역시도명 / 시군구명 / 행정동명 / 행정기관 코드 / 가맹점업종코드 / 가맹점업종명 / 전체이용건수 / 개인이용건수 / 법인이용건수 / 남성이용건수 / 여성이용건수 / 10대미만이용건수 / 10대이용건수 / 20대이용건수 / 30대이용건수 / 40대이용건수 / 50대이용건수 / 60대이용건수 / 70대이상이용건수
SPN016,소비,BC카드 월별 온라인 매출(아파트 단지·배달·식품)BC카드의 월별 아파트 단지 배달·식품 온라인 매출 데이터,X,X,X,O,O,202201~202204,34,기준년월 / 시도명 / 시군구명 / 읍면동명 / 아파트명 / 한식예상매출금액 / 일식예상매출금액 / 중식예상매출금액 / 양식예상매출금액 / 스낵예상매출금액 / 한식매출금액 / 일식매출금액 / 중식매출금액 / 양식매출금액 / 스낵매출금액 / 한식매출건수 / 일식매출건수 / 중식매출건수 / 양식매출건수 / 스낵매출건수
SPN017,소비,BC카드 월별 온라인 매출(우편번호·행정동·품목)BC카드의 월별 온라인 매출 데이터(우편번호·행정동·품목별),X,X,X,O,O,202201~202204,17,기준년월 / 고객신우편번호 / 시도명 / 시군구명 / 행정동명 / 연령대코드 / 성별코드 / 품목소분류코드 / 품목소분류명 / 품목중분류코드 / 품목중분류명 / 품목대분류코드 / 품목대분류명 / 매출건수 / 매출금액 / 고객수 / 적재일자
SPN018,소비,BC카드 월별 온라인 소비(브랜드·품목·고객지역)BC카드의 월별 온라인 소비 데이터(브랜드·품목·고객지역별),X,X,X,O,O,202201~202204,18,기준년월 / 브랜드명 / 매출품목대분류코드 / 매출품목대분류명 / 매출품목중분류코드 / 매출품목중분류명 / 매출품목소분류코드 / 매출품목소분류명 / 성별분류값 / 연령대구분값 / 고객거주시도코드값 / 고객거주광역시도명 / 고객거주시군구값 / 고객거주시군구명 / 이용고객수 / 이용금액 / 이용건수 / 적재일자
SPN019,소비,BC카드 행정동-법정동 코드 매핑BC카드의 행정동과 법정동 매핑 데이터(행정표준코드 기준),O,O,O,O,O,202201~202201,7,시도명 / 행정기관 코드 / 시군구 코드 / 행정동 코드명 / 시군구 코드명 / 기준년월 / 적재일자
SPN020,소비,BC카드 업종 분류 코드BC카드 업종 대·중·소 분류 코드 데이터,O,O,O,O,O,202201~202201,8,업종 대분류 코드 / 업종 대분류 코드명 / 업종 중분류 코드 / 업종 중분류 코드명 / 업종 소분류 코드 / 업종 소분류 코드명 / 기준년월 / 적재일자
SPN021,소비,롯데마트 POS·카드 소비 데이터롯데마트 POS·카드 소비 내역 데이터,X,X,X,O,O,202201~202212,16,"매출일자 / 판매시간대 / 채널 / 점포주소(시,도) / 점포주소(시,군,구) / 대분류 / 중분류 / 소분류 / 구매건수 / 구매금액 / 성별 / 나이대(10세단위) / 구매자주소(시,도) / 구매자주소(시,군,구) / 구매자주소(동) / 적재일자"
SPN022,소비,신한카드 일별 카드소비(블록·성별·연령) 신한카드의 일별 블록·성별·연령별 카드 소비 통계,X,X,X,O,O,201901~202312,8,격자ID / 기준일자 / 행정기관 코드 / 성별코드 / 연령코드 / 이용금액 / 이용건수 / 적재일자
SPN023,소비,신한카드 일별 카드소비(블록·시간대) 신한카드의 일별 블록·시간대별 카드 소비 통계,X,X,X,O,O,201901~202312,7,격자ID / 기준일자 / 행정기관 코드 / 시간코드 / 이용금액 / 이용건수 / 적재일자
SPN024,소비,신한카드 일별 카드소비(블록·유입지) 신한카드의 일별 블록·유입지별 카드 소비 통계,X,X,X,O,O,201901~202312,8,격자ID / 기준일자 / 행정기관 코드 / 유입지시도 / 유입지시군구 / 이용금액 / 이용건수 / 적재일자
SPN025,소비,신한카드 일별 카드소비(블록·업종)신한카드의 일별 블록·업종별 카드 소비 통계,X,X,X,O,O,201901~202312,8,격자ID / 기준일자 / 행정기관 코드 / 업종대분류 / 업종중분류 / 이용금액 / 이용건수 / 적재일자
SPN026,소비,신한카드 일별 가맹점기준 카드소비(행정동·성별·연령·시간대)신한카드의 일별 행정동 단위 가맹점기준 성별·연령,X,X,X,O,O,201901~202312,10,기준일자 / 행정기관 코드 / 업종대분류 / 업종중분류 / 성별코드 / 연령코드 / 시간코드 / 이용금액 / 이용건수 / 적재일자
SPN027,소비,신한카드 일별 거주자기준 카드소비(행정동)신한카드의 일별 행정동 단위 거주자 기준 카드 소비 통계,X,X,X,O,O,201901~202312,9,기준일자 / 행정기관 코드 / 업종대분류 / 업종중분류 / 성별코드 / 연령코드 / 이용금액 / 이용건수 / 적재일자
SPN028,소비,신한카드 일별 외국인 카드소비(행정동)신한카드의 일별 행정동 단위 외국인 카드 소비 통계,X,X,X,O,O,201901~202312,8,기준일자 / 행정기관 코드 / 업종대분류 / 업종중분류 / 국적코드 / 이용금액 / 이용건수 / 적재일자
SPN029,소비,신한카드 월별 전통시장 카드소비(시장·유입지) 신한카드의 월별 시장·유입지별 전통시장 카드 소비 통계,X,X,X,O,O,202301~202312,8,기준연월 / 전통시장코드 / 업종대분류 / 업종중분류 / 유입지시도 / 이용금액 / 이용건수 / 적재일자
SPN030,소비,신한카드 월별 가맹점 창·폐업 매출(행정동)신한카드의 월별 행정동 단위 가맹점 창·폐업 및 매출 현황,X,X,X,O,O,201901~202312,12,기준연월 / 행정기관 코드 / 업종대분류 / 업종중분류 / 업종소분류 / 사업자구분 / 이용금액 / 이용건수 / 신규점개수 / 가동점개수 / 폐업점개수 / 적재일자
SPN031,소비,신한카드 월별 배달앱 매출(행정동·업종)신한카드의 월별 행정동·업종별 배달앱 매출 통계,X,X,X,O,O,202201~202312,8,기준연월 / 행정기관 코드 / 업종대분류 / 업종중분류 / 업종소분류 / 이용금액 / 이용건수 / 적재일자
SPN032,소비,BC카드 월별 프랜차이즈 소비(행정동)BC카드의 월별 프랜차이즈 소비 데이터(행정동별),X,X,X,O,O,202201~202212,54,기준년월 / 프랜차이즈 명칭 / 광역시도 명칭 / 시군구 명칭 / 행정동 명칭 / 행정기관 코드 / 남성 이용건수 / 여성 이용건수 / 10대 미만 이용건수 / 10대 이용건수 / 20대 이용건수 / 30대 이용건수 / 40대 이용건수 / 50대 이용건수 / 60대 이용건수 / 70대 이상 이용건수 / 월 이용건수 / 화 이용건수 / 수 이용건수 / 목 이용건수
SPN033,소비,BC카드 프랜차이즈 업종 코드BC카드 프랜차이즈 업종 코드 데이터,X,X,X,O,O,2022~2022,5,업종코드 / 업종명 / 상세 업종명 / 기준년도 / 적재일자
SPN034,소비,외식업 소비(POS·신용카드 결합) POS·신용카드 결합 기반 외식업 소비 현황,X,X,X,O,O,202201~202212,16,결제 발생 시점의 월 정보 / 거래시간 / 가맹점 위치 시도 / 가맹점 위치 시군구 / 가맹점 위치 행정동 / 업종 분류체계 중 / 업종 분류체계 소 / 메뉴 분류체계 중 / 메뉴 분류체계 소 / 고객자택 시도 / 고객자택 시군구 / 성별 / 연령대 / 메뉴 가격 / 메뉴 수량 / 적재일자
SPN035,소비,롯데마트 POS 상품분류부산 롯데마트 POS 기준 상품분류 코드 정보,O,O,O,O,O,202201~202212,6,순번 / 대분류 / 중분류 / 소분류 / count / 적재일자
SPN036,소비,전통시장 코드전통시장 코드 목록,O,O,O,O,O,,1,적재일자
SPN037,소비,전통시장 기본정보전통시장 기본정보(좌표 포함),O,O,O,O,O,,8,시장 명칭 / 시장 유형 / 도로명 주소 / 구 주소 / 위도 / 경도 / 주소 / 적재일자
SPN038,소비,신한카드 업종분류 코드신한카드 업종 분류 코드,O,O,O,O,O,202301~202312,7,업종 대분류 코드 / 업종 대분류 코드명 / 업종 중분류 코드 / 업종 중분류 코드명 / 업종 소분류 코드 / 업종 소분류 코드명 / 적재일자
SPN039,소비,신한카드 일별 카드소비(블록·성별·연령)_2024 2024년 이후 신한카드의 일별 블록·성별·연령별 카드 소,X,X,X,O,O,202401~202503,8,기준일자 / 행정동코드 10자리(가맹점 소재지) / 50m격자 ID / 성별코드 / 연령코드 / 이용금액 / 이용건수 / 적재일자
SPN040,소비,신한카드 일별 카드소비(블록·시간대)_2024 2024년 이후 신한카드의 일별 블록·시간대별 카드 소비 통계,X,X,X,O,O,202401~202503,7,기준일자 / 행정동코드 10자리(가맹점 소재지) / 50m격자 ID / 시간코드 / 이용금액 / 이용건수 / 적재일자
SPN041,소비,신한카드 일별 카드소비(블록·유입지)_2024 2024년 이후 신한카드의 일별 블록·유입지별 카드 소비 통계,X,X,X,O,O,202401~202503,8,기준일자 / 행정동코드 10자리(가맹점 소재지) / 50m격자 ID / 유입지 광역시도 / 유입지 시군구 / 이용금액 / 이용건수 / 적재일자
SPN042,소비,신한카드 일별 카드소비(블록·업종)_2024 2024년 이후 신한카드의 일별 블록·업종별 카드 소비 통계,X,X,X,O,O,202401~202503,8,기준일자 / 행정동코드 10자리(가맹점 소재지) / 50m격자 ID / 카드사 업종 대분류 코드 / 카드사 업종 중분류 코드 / 이용금액 / 이용건수 / 적재일자
SPN043,소비,신한카드 일별 가맹점기준 카드소비(행정동·성별·연령·시간대)_2024 2024년 이후 신한카드의 일별 행정동,X,X,X,O,O,202401~202503,10,기준일자 / 행정동코드 10자리(가맹점 소재지) / 카드사 업종 대분류 코드 / 카드사 업종 중분류 코드 / 성별코드 / 연령코드 / 시간코드 / 이용금액 / 이용건수 / 적재일자
SPN044,소비,신한카드 일별 거주자기준 카드소비(행정동)_2024 2024년 이후 신한카드의 일별 행정동 단위 거주자 기준,X,X,X,O,O,202401~202503,9,기준일자 / 거주자 행정동코드 10자리 / 카드사 업종 대분류 코드 / 카드사 업종 중분류 코드 / 성별코드 / 연령코드 / 이용금액 / 이용건수 / 적재일자
SPN045,소비,신한카드 일별 외국인 카드소비(행정동)_2024 2024년 이후 신한카드의 일별 행정동 단위 외국인 카드 소,X,X,X,O,O,202401~202503,8,기준일자 / 행정동코드 10자리(가맹점 소재지) / 카드사 업종 대분류 코드 / 카드사 업종 중분류 코드 / 국적코드 / 이용금액 / 이용건수 / 적재일자
SPN046,소비,신한카드 월별 전통시장 카드소비(시장·유입지)_2024 2024년 이후 신한카드의 월별 시장·유입지별 전통시,X,X,X,O,O,202401~202503,8,기준연월 / 전통시장코드 / 카드사 업종 대분류 코드 / 카드사 업종 중분류 코드 / 유입지 광역시도 / 이용금액 / 이용건수 / 적재일자
SPN047,소비,신한카드 월별 가맹점 창·폐업 매출(행정동)_2024 2024년 이후 신한카드의 월별 행정동 단위 가맹점 창,X,X,X,O,O,202401~202503,12,기준연월 / 행정동코드 10자리(가맹점 소재지) / 카드사 업종 대분류 코드 / 카드사 업종 중분류 코드 / 카드사 업종 소분류 코드 / 사업자구분(개인/법인) / 이용금액 / 이용건수 / 당월 신규 가맹점 개수 / 당월 가동 가맹점 개수 / 당월 폐업 가맹점 개수 / 적재일자
SPN048,소비,신한카드 월별 배달앱 매출(행정동·업종)_2024 2024년 이후 신한카드의 월별 행정동·업종별 배달앱 매출,X,X,X,O,O,202401~202503,8,기준연월 / 행정동코드 10자리(가맹점 소재지) / 카드사 업종 대분류 코드 / 카드사 업종 중분류 코드 / 카드사 업종 소분류 코드 / 이용금액 / 이용건수 / 적재일자
SPN049,소비,신한카드 업종분류 코드(2024이후) 2024년 이후 신한카드 업종 분류 코드,O,O,O,O,O,202401~202412,9,업종 대분류 코드 / 업종 대분류 코드명 / 업종 중분류 코드 / 업종 중분류 코드명 / 업종 소분류 코드 / 업종 소분류 코드명 / 표준산업분류 코드 / 표준산업분류 코드명 / 적재일자
SPN050,소비,신한카드 국적 코드(2024이후) 2024년 이후 신한카드 국적 코드,O,O,O,O,O,202401~202412,3,국적코드 / 국적명 / 적재일자
SPN051,소비,신한카드 시군구 코드(2024이후) 2024년 이후 신한카드 시군구 코드,O,O,O,O,O,202401~202412,5,시군구코드 / 시도명 / 시군구명 / 구군명 / 적재일자
SPN052,소비,신한카드 읍면동 코드(2024이후) 2024년 이후 신한카드 읍면동 코드,O,O,O,O,O,202401~202412,6,읍면동코드 / 시도명 / 시군구명 / 구군명 / 읍면동명 / 적재일자
SPN053,소비,신한카드 전통시장현황 2024년 이후 신한카드 전통시장 현황 데이터,O,O,O,O,O,202401~202412,23,시장코드 / 시장명 / 소재지(구군) / 소재지(도로명) / 주 판매상품 / 개설년도 / 등록인정일 / 등록인정유무 / 용도지역 / 전체점포수 / 직영점포수 / 임차점포수 / 빈점포수 / 종사자수 / 고객지원센터수 / 고객쉼터수 / 아케이드구간수 / 기타편의시설수 / 주차장수 / 주차면수
SPN054,소비,신한카드 연령 코드(2024이후) 2024년 이후 신한카드 연령 코드,O,O,O,O,O,202401~202412,3,연령코드 / 연령구분 / 적재일자
SPN055,소비,신한카드 월별 가맹점기준 매출(행정동·업종소분류)_2024 2024년 이후 신한카드의 월별 행정동 단위 가맹,X,X,X,O,O,202401~202503,8,기준연월 / 행정동코드 10자리(가맹점 소재지) / 카드사 업종 대분류 코드 / 카드사 업종 중분류 코드 / 카드사 업종 소분류 코드 / 이용금액 / 이용건수 / 적재일자
SPN056,소비,신한카드 일별 카드소비(개인/법인·행정동)_2024 2024년 이후 신한카드의 일별 개인·법인별 행정동 단위,X,X,X,O,O,202401~202503,6,"기준일자 / 행정동코드 10자리(가맹점 소재지) / 개인,법인 코드 / 이용금액 / 이용건수 / 적재일자"
SPN057,소비,부산광역시 행정동·행정기관·행정구역 코드 매핑(2023),O,O,O,O,O,202307~202307,9,시도 / 시군구 / 행정구역명 / 행정기관명 / 행정구역코드 / 행정기관코드(10자리) / 행정기관코드(8자리) / 기준년월 / 적재일자
SPN058,소비,전통시장별 지역화폐 거래 통계전통시장별 지역화폐 거래 통계 데이터,O,O,O,O,O,202201~202309,13,기준일자 / 기준시간 / 전통시장명 / 전통시장 주소 / 카드사명칭 / BC카드사 기준 가맹정 업종 코드 / BC카드사 기준 가맹정 업종 명칭 / 생년 / 성별 / 거래횟수 / 총거래금액 / 적재일시 / 센터코드
SPN059,소비,행정동단위 지역화폐 거래 통계행정동 단위 업종별 지역화폐 거래 통계 데이터,O,O,O,O,O,202201~202309,15,기준일자 / 기준시간 / 시도명 / 시군구명 / 행정동명 / 행정구역 코드 / 카드사명칭 / BC카드사 기준 가맹정 업종 코드 / BC카드사 기준 가맹정 업종 명칭 / 생년 / 성별 / 거래횟수 / 총거래금액 / 적재일시 / 센터코드
SPN060,소비,집계구단위 지역화폐 거래 통계집계구 단위 업종별 지역화폐 거래 통계 데이터,O,O,O,O,O,202201~202309,17,기준일자 / 기준시간 / 시도명 / 시군구명 / 행정동명 / 집계구코드 / 집계구 x좌표 / 집계구 y좌표 / 카드사명칭 / BC카드사 기준 가맹정 업종 코드 / BC카드사 기준 가맹정 업종 명칭 / 생년 / 성별 / 거래횟수 / 총거래금액 / 적재일시 / 센터코드
SPN061,소비,시간별 행정동별 업종별 성별 연령별 신용카드 사용신한카드 시간별 행정동별 업종별 성별 연령별 신용카드 매출 ,X,X,X,O,O,201901~202205,9,기준년월일 / 행정기관 코드 / 업종구분_대분류 / 업종구분_중분류 / 성별_코드 / 연령대_코드 / 시간대_코드 / 시스템_최종적재_일시 / 기준년월
SPN062,소비,성연령별 카드소비 데이터(50m격자)BC카드 성연령별 카드소비 데이터(50m격자),X,X,X,O,O,202301~202603,7,기준일자 / 행정동코드 / 50m격자ID / 성별 / 연령코드 / 이용금액 / 이용건수
SPN063,소비,성연령별 카드소비 데이터(250m격자)BC카드 성연령별 카드소비 데이터(250m격자),X,X,X,O,O,202301~202603,7,기준일자 / 행정동코드 / 250m격자ID / 성별 / 연령코드 / 이용금액 / 이용건수
SPN064,소비,행정동별 성연령별 카드소비 데이터BC카드 행정동별 성연령별 카드소비 데이터,X,X,X,O,O,202301~202606,6,기준일자 / 행정동코드 / 성별 / 연령코드 / 이용금액 / 이용건수
SPN065,소비,시간대별 카드소비 데이터(50m격자)BC카드 시간대별 카드소비 데이터(50m격자),X,X,X,O,O,202301~202603,6,카드소비일자 / 행정동코드(가맹점소재지) / 50m격자ID / 시간코드 / 카드소비 이용금액 / 카드소비 이용건수
SPN066,소비,시간대별 카드소비 데이터(250m격자)BC카드 시간대별 카드소비 데이터(250m격자),X,X,X,O,O,202301~202603,6,카드소비일자 / 행정동코드(가맹점 소재) / 250m 격자ID / 시간코드 / 카드소비 이용금액 / 카드소비 이용건수
SPN067,소비,행정동별 시간대별 카드소비 데이터BC카드 행정동별 시간대별 카드소비 데이터,X,X,X,O,O,202301~202606,5,카드소비일자 / 행정동코드(가맹점 소재지) / 시간코드 / 카드소비 이용금액 / 카드소비 이용건수
SPN068,소비,행정동별 성연령별-시단대별 카드소비 데이터BC카드 행정동별 성연령별-시단대별 카드소비 데이터,X,X,X,O,O,202301~202606,9,"기준일자 / 행정동코드(가맹점 소재지,10자리) / 업종대분류 / 업종중분류 / 성별 / 연령코드 / 시간코드 / 이용금액 / 이용건수"
SPN069,소비,업종별 카드소비 데이터(50m격자)BC카드 업종별 카드소비 데이터(50m격자),X,X,X,O,O,202301~202603,7,"기준일자 / 행정동코드(가맹점 소재지,10자리) / 50m 격자ID / 카드사 업종대분류 / 카드사 업종중분류 / 이용금액 / 이용건수"
SPN070,소비,업종별 카드소비 데이터(250m격자)BC카드 업종별 카드소비 데이터(250m격자),X,X,X,O,O,202301~202603,7,"기준일자 / 행정동코드(가맹점 소재지,10자리) / 250m격자 격자ID / 업종대분류 / 업종중분류 / 이용금액 / 이용건수"
SPN071,소비,행정동별 업종별 카드소비 데이터BC카드 행정동별 업종별 카드소비 데이터,X,X,X,O,O,202301~202606,5,기준일자 / 업종대분류 / 업종중분류 / 이용금액 / 이용건수
SPN072,소비,고객(부산지역민) 기준 카드소비 패턴 데이터BC카드 고객(부산지역민) 기준 카드소비 패턴 데이터,X,X,X,O,O,202301~202606,7,기준일자 / 업종 대분류 코드 / 업종 중분류 코드 / 성별 / 연령코드 / 이용금액 / 이용건수
SPN073,소비,유입지별 성연령별 카드소비 데이터(50m격자)BC카드 유입지별 성연령별 카드소비 데이터(50m격자),X,X,X,O,O,202301~202603,11,"기준일자 / 행정동코드(가맹점소재지,10자리) / 50m격자ID / 유입지시도 / 유입지시군구 / 성별 / 연령코드 / 업종대분류 / 업종중분류 / 이용금액 / 이용건수"
SPN074,소비,유입지별 성연령별카드소비 데이터(250m격자)BC카드 유입지별 성연령별카드소비 데이터(250m격자),X,X,X,O,O,202301~202603,11,기준일자 / 행정동코드(가맹점 소재지) / 250m격자ID / 유입지시도 / 유입지시군구 / 성별 / 연령코드 / 업종대분류 / 업종중분류 / 이용금액 / 이용건수
SPN075,소비,행정동별 유입지별 성연령별 카드소비 데이터BC카드 행정동별 유입지별 성연령별 카드소비 데이터,X,X,X,O,O,202301~202606,10,기준일자 / 행정동코드(가맹점 소재지) / 유입지시도 / 유입지시군구 / 성별 / 연령코드 / 업종대분류 / 업종중분류 / 이용금액 / 이용건수
SPN076,소비,행정동별 외국인 국적별 카드소비 데이터BC카드 행정동별 외국인 국적별 카드소비 데이터,X,X,X,O,O,202301~202606,5,기준일자 / 행정동코드(가맹점 소재지) / 국적코드 / 이용금액 / 이용건수
SPN077,소비,행정동별 외국인 국적별 업종별 카드소비 데이터BC카드 행정동별 외국인 국적별 업종별 카드소비 데이터,X,X,X,O,O,202301~202606,8,기준일자 / 행정동코드(가맹점 소재지) / 시간코드 / 국적코드 / 업종대분류 / 업종중분류 / 이용금액 / 이용건수
SPN078,소비,행정동별 성연령별 청년 카드소비 데이터BC카드 행정동별 성연령별 청년 카드소비 데이터,X,X,X,O,O,202301~202606,6,기준일자 / 행정동코드(부산지역민 거주지) / 성별 / 청년 연령 코드 / 이용금액 / 이용건수
SPN079,소비,행정동별 시간대별 연령별 청년 카드소비 데이터BC카드 행정동별 시간대별 연령별 청년 카드소비 데이터,X,X,X,O,O,202301~202606,5,카드소비일자 / 행정동코드(부산지역민 거주지) / 시간코드 / 카드소비 이용금액 / 카드소비 이용건수
SPN080,소비,행정동별 업종별 연령별 청년 카드소비 데이터BC카드 행정동별 업종별 연령별 청년 카드소비 데이터,X,X,X,O,O,202301~202606,7,기준일자 / 행정동코드(부산지역민 거주지) / 업종 대분류 코드 / 업종 중분류 코드 / 청년 연령 코드 / 이용금액 / 이용건수
SPN081,소비,전통시장별 카드소비 데이터BC카드 전통시장별 카드소비 데이터,X,X,X,O,O,202301~202606,7,기준연월 / 전통시장코드 / 업종대분류 / 업종중분류 / 유입지시도 / 이용금액 / 이용건수
SPN082,소비,행정동별 가맹점 창폐업 카드소비 데이터BC카드 행정동별 가맹점 창폐업 카드소비 데이터,X,X,X,O,O,202301~202606,11,기준연월 / 행정동코드 / 업종대분류 / 업종중분류 / 업종소분류 / 사업자구분(개인/법인) / 이용금액 / 이용건수 / 당월 신규 가맹점개수 / 당월 가동 가맹점개수 / 당월 폐업 가맹점개수
SPN083,소비,관광지 성별 카드소비 데이터BC카드 관광지 성별 카드소비 데이터,X,X,X,O,O,202301~202606,9,기준연월 / 관광지코드 / 관광지명칭 / 업종대분류 / 업종중분류 / 업종소분류 / 성별 / 매출금액 / 매출건수
SPN084,소비,관광지 연령별 카드소비 데이터BC카드 관광지 연령별 카드소비 데이터,X,X,X,O,O,202301~202606,9,기준연월 / 관광지코드 / 관광지명칭 / 업종대분류 / 업종중분류 / 업종소분류 / 연령코드 / 매출금액 / 매출건수
SPN085,소비,관광지 유입지별 카드소비 데이터BC카드 관광지 유입지별 카드소비 데이터,X,X,X,O,O,202301~202606,10,기준연월 / 관광지코드 / 관광지명칭 / 업종대분류 / 업종중분류 / 업종소분류 / 유입지시도 / 유입지시군구 / 매출금액 / 매출건수
SPN086,소비,관광지 국적별 외국인 카드소비 데이터BC카드 관광지 국적별 외국인 카드소비 데이터,X,X,X,O,O,202301~202606,9,기준연월 / 관광지코드 / 관광지명칭 / 업종대분류 / 업종중분류 / 업종소분류 / 국적코드 / 매출금액 / 매출건수
SPN087,소비,배달앱 데이터 (월테이블) BC카드 배달앱 데이터 (월테이블),X,X,X,O,O,202301~202606,7,기준연월 / 행정동코드(가맹점소재지) / 업종대분류 / 업종중분류 / 업종소분류 / 이용금액 / 이용건수
SPN088,소비,사업장_카드매출KCD 사업장_카드매출,X,X,X,O,O,202306~202604,7,기준일자 / 행정동코드 / KCD_대업종_코드 / KCD_중업종_코드 / 시간코드 / 카드 매출 금액 / 카드 매출 건수
SPN089,소비,사업장_현금매출KCD 사업장_현금매출,X,X,X,O,O,202306~202604,8,기준일자 / 행정동 코드 / KCD_대업종_코드 / KCD_중업종_코드 / 현금영수증 매출 금액 / 현금영수증 매출 건수 / 세금계산서 매출 금액 / 세금계산서 매출 건수
SPN090,소비,사업장_매입KCD 사업장_매입,X,X,X,O,O,202306~202604,8,기준일자 / 행정동코드(10자리) / KCD_대업종_코드 / KCD_중업종_코드 / 현금영수증 매입 금액 / 현금영수증 매입 건수 / 세금계산서 매입 금액 / 세금계산서 매입 건수
SPN091,소비,사업장_메뉴KCD 사업장_메뉴,X,X,X,O,O,202306~202604,11,기준일자 / 행정동코드(10자리) / KCD_대업종_코드 / KCD_중업종_코드 / 표준 메뉴명 / 메뉴 대분류 / 메뉴 중분류 / 메뉴 소분류 / 메뉴 가격 / 메뉴 판매금액 / 메뉴 판매건수
SPN092,소비,소비통계NICE 평가정보 소비통계,X,X,X,O,O,202306~202601,32,기준연월 / 구분명 / 시도코드 / 시도명 / 시군구코드 / 시군구명 / 행정동코드 / 행정동명 / 성별 / 연령구간대 / 직업구분 / 분위코드 / 해당 행정동 기준 주민수 / 보유자수_신용카드 / 보유자수_체크카드 / 보유자수_카드 / 이용자수_신용카드 / 이용자수_체크카드 / 이용자수_카드 / 카드총이용금액합계
SPN093,소비,BC카드사 업종 분류 코드BC카드사 업종 분류 코드,O,O,O,O,O,2025~2025,6,업종 대분류 코드 / 업종 대분류 코드명 / 업종 중분류 코드 / 업종 중분류 코드명 / 업종 소분류 코드 / 업종 소분류 코드명
SPN094,소비,KCD 업종 분류KCD 업종 분류,O,O,O,O,O,2025~2025,4,대업종 코드 / 대업종 코드명 / 중업종 코드 / 중업종 코드명
CRD001,금융,NICE 유입 인구 특성(행정동·부산)NICE 기준 부산 행정동별 유입 인구 특성 통계,X,X,X,O,O,202204~202204,15,기준년월 / 이전 거주지 시도코드 / 이전 거주지 시군구코드 / 기준시점 거주지 시군구코드 / 기준시점 거주지 행정기관 코드 / 성별 / 연령대구간 / 집계인구수 / 급여소득자수 / 자영업자수 / 월환산 평균소득 / 월환산 중위소득 / 일평균 카드 소비금액 / 경제활동 인구수 / 적재일자
CRD002,금융,NICE 법정동(기준년월별)NICE 기준 법정동 코드 (기준년월별),X,X,X,O,O,202204~202204,8,일련번호 / 기준년월 / 시도 이름 / 시군구코드 / 시군구 이름 / 행정기관 코드 / 행정동이름 / 적재일자
CRD003,금융,NICE 코드마스터NICE 코드 마스터 데이터,X,X,X,O,O,202204~202204,8,코드구분 / 코드 / 코드구분 이름 / 코드 이름 / 코드 설명 / 사용여부 / 기준년도 / 적재일자
CRD004,금융,NICE 거주 특성 지표(행정동·부산)NICE 기준 부산 행정동별 거주 특성 지표 통계,X,X,X,O,O,202204~202204,46,기준년월 / 행정기관 코드 / 성별구분코드 / 연령대구분코드 / 해당 행정동 기준 주민수 / 급여소득자 수 / 대기업 종사자 수 / 중소기업 종사자 수 / 공기업 종사자 수 / 전문직 종사자 수 / 자영업 종사자 수 / 무직 주부 학생 수 / 정보없음 수 / 전문 자영업자 종사자 수 / 기업 및 대표자 수 / 평균 연소득 / 연소득 2천만원이하 주민수 / 연소득 7천만원초과 주민수 / 연소득 중위값 / 공동주택기준 20평형대 거주 주민수
CRD005,금융,부산은행 고객자산현황(시군구·성별·연령대·월) 부산은행 월별 고객 자산 현황 데이터(시군구·성별·연령대별),X,X,O,O,O,202406~202406,6,기준년월 / 고객번호 / 시군구명 / 성별 / 연령대 / 적재일자
CRD006,금융,기업 기본정보 코드기업 본점/마스터 기준 기본 정보,X,X,X,O,O,202211~202312,33,업체코드 / 사업자번호 / 법인번호 / 기업상태구분코드 / 기업주체구분코드 / 기업규모구분코드 / 기업상세구분코드 / 상장시장구분코드 / 관리종목여부 / 외부감사여부 / 기업존속여부 / 재무구분코드 / 결산월 / 창업일 / 설립일 / 종업원기준일 / 종업원수 / 한글업체명 / 영문업체명 / 약식업체명
CRD007,금융,기업 사업장 기본정보 코드기업 지점(사업장) 위치 기본 정보,X,X,X,O,O,202211~202312,21,업체코드 / 일련번호 / 사업자번호 / 사업장구분코드 / 한글사업장명칭 / 영문사업장명칭 / 전화번호 / 팩스번호 / 우편번호 / 한글사업장주소 / 영문사업장주소 / 개업일자 / 업종명 / 업태명 / 폐업구분코드 / 폐업일자 / 우편번호(지번주소) / 지번주소 / 경도 / 위도
CRD008,금융,기업 재무지표결산·항목별 기업 재무 지표 현황,X,X,X,O,O,202211~202312,9,업체코드 / 결산구분 / 기준일자 / 보고서코드 / 항목코드(매출액) / 금액(천원) / 구성비(%) / 증감율(%) / 적재일자
CRD009,금융,부가가치세 매입·매출 거래요약부가가치세 매입·매출 거래 내역 요약,X,X,X,O,O,202211~202312,9,사업자번호 / 거래기간시작일 / 거래기간종료일 / 자료구분 / 일련번호 / 기간개월수 / 거래자사업자번호 / 거래자상호 / 적재일자
CRD012,금융,개인신용 부산유입 인구 통계개인신용 부산 유입 인구 통계,X,X,X,O,O,201912~202012,12,구분코드 / 기준년월 / 이전_거주지_시도코드 / 이전_거주지_시군구코드 / 기준시점_거주지_시군구코드 / 기준시점_거주지_행정기관코드 / 성별 / 연령대구간 / 월환산_평균소득 / 월환산_중위소득 / 일평균_카드_소비금액 / 시스템_최종적재_일시
CRD015,금융,개인신용 KCB 동별 코드개인신용_KCB_동별_코드,X,X,X,O,O,2020~2020,4,행정동 구분코드 / 행정동_코드 / 행정동_이름 / 기준년도
CRD016,금융,개인신용 KCB 지역 코드개인신용_KCB_지역_코드,X,X,X,O,O,2020~2020,9,일련번호 / 집계구 구분코드 / 시도_코드 / 시도_이름 / 시군구_코드 / 시군구_이름 / 행정동_코드 / 행정동_이름 / 기준년도
CRD018,금융,개인신용 KCB 일반 코드개인신용_KCB_일반_코드,X,X,X,O,O,2020~2020,7,코드_구분 / 코드 / 코드_구분_이름 / 코드_이름 / 코드_설명 / 사용여부 / 기준년도
CRD019,금융,개인신용 KCB 분기별 동별 코드개인신용_KCB_분기별_동별_코드,X,X,X,O,O,202003~202006,7,일련번호 / 기준년월 / 시도_이름 / 시군구_코드 / 시군구_이름 / 행정동_코드 / 행정동_이름
CRD020,금융,소득통계,X,X,X,O,O,202306~202606,18,자료귀속기준년월 / 구분명 / 시도코드 / 시도명 / 시군구코드 / 시군구명 / 행정동명(통계청 행정구역명 기준) / 성별 / 연령구간대 / 직업구분 / 금융기관 / 분위코드 / 최저 연소득 금액 / 최대 연소득 금액 / 거주자수 / 평균 연소득 / 중위 연소득 금액 / 총 연소득 합계
CRD021,금융,대출 및 연체,X,X,X,O,O,202306~202601,23,자료귀속기준년월 / 구분명 / 시도코드 / 시도명 / 시군구코드 / 시군구명 / 행정동명(통계청 행정구역명 기준) / 성별 / 연령구간대 / 직업구분 / 금융기관 / 분위코드 / 총대출_보유계좌수 / 해당 행정동 기준 주민수 / 유효대출계좌_대상자수 / 대출잔액_보유대상자수 / 일시불상환_대출보유대상자수 / 분할상환_대출보유대상자수 / 한도대출_보유대상자수 / 기타대출_보유대상자수
CRD022,금융,기업거래 : 기업정보KODATA 기업거래 : 기업정보,X,X,X,O,O,202301~202606,12,기준연월 / 업체코드 / 변환업체코드 / 사업자번호 / 법인번호 / 기업주체코드 / 기업규모코드 / 창업일 / 설립일 / 직원수 / 업체명 / 산업코드ID
CRD023,금융,기업거래 : 사업장정보KODATA 기업거래 : 사업장정보,X,X,X,O,O,202301~202606,12,기준연월 / 업체코드 / 변환업체코드 / 사업장구분코드 / 한글사업장명 / 한글사업장주소 / 경도 / 위도 / 업종명 / 업태명 / 폐업구분코드 / 폐업일자
CRD024,금융,기업거래 : 재무정보KODATA 기업거래 : 재무정보,X,X,X,O,O,202301~202606,9,기준연월 / 업체코드 / 변환업체코드 / 결산일자 / 보고서코드 / 항목코드(매출액) / 금액(천원) / 구성비(%) / 증감율(%)
CRD025,금융,기업거래 : 매출매입KODATA 기업거래 : 매출매입,X,X,X,O,O,202301~202606,8,기준연월 / 사업자번호 / 거래시작일 / 거래종료일 / 자료구분 / 거래자사업자번호 / 가액비중 / 세액비중
CRD026,금융,전입 전출 기업 목록KODATA 전입 전출 기업 목록,X,X,X,O,O,202301~202606,18,기준연월 / 사업자번호 / 법인번호 / 변환업체코드 / 전입전출구분코드 / 전출 행정동 코드 / 전입 행정동 코드 / 전 시도 / 전 시군구 / 전 행정동 / 후 시도 / 후 시군구 / 후 행정동 / 업종대분류코드 / 업종대분류명 / 업종중분류코드 / 업종중분류명 / 기업규모코드
